{
  "created_at": "20260117_141023",
  "has_datasets": true,
  "has_cell7": true,
  "has_lstm": true,
  "best_models": {
    "xgb_reg": {
      "intermediate_10d": {
        "task": "regression",
        "horizon": "intermediate_10d",
        "horizon_days": 10,
        "target": "y_volnorm",
        "device": "cuda",
        "best_iter": 1.0,
        "n_train": 19940,
        "n_test": 4930,
        "model_path": "/workspace/quantgenius_project/models/xgb_reg_y_volnorm_intermediate_10d_cuda_20260117_140700.json",
        "R2": 0.0015048390570302494,
        "RMSE": 3.6579119711910617,
        "MAE": 2.746718767145743,
        "DirAcc": 0.5787018255578094,
        "IC": 0.058733549707838714,
        "Sharpe": 0.8344582524389811,
        "Turnover": 0.0,
        "pred_std": 0.04402603471464025,
        "n_eval": 4930.0,
        "acc": NaN,
        "balanced_acc": NaN,
        "macro_f1": NaN,
        "cm": NaN
      },
      "intermediate_15d": {
        "task": "regression",
        "horizon": "intermediate_15d",
        "horizon_days": 15,
        "target": "y_volnorm",
        "device": "cuda",
        "best_iter": 8.0,
        "n_train": 19940,
        "n_test": 4930,
        "model_path": "/workspace/quantgenius_project/models/xgb_reg_y_volnorm_intermediate_15d_cuda_20260117_140701.json",
        "R2": 0.0045230598555242585,
        "RMSE": 4.508476950689867,
        "MAE": 3.3717608431399504,
        "DirAcc": 0.5920892494929006,
        "IC": 0.0485245194626437,
        "Sharpe": 0.8342703893938773,
        "Turnover": 0.0,
        "pred_std": 0.21766242645739248,
        "n_eval": 4930.0,
        "acc": NaN,
        "balanced_acc": NaN,
        "macro_f1": NaN,
        "cm": NaN
      },
      "intermediate_20d": {
        "task": "regression",
        "horizon": "intermediate_20d",
        "horizon_days": 20,
        "target": "y_crossrank",
        "device": "cuda",
        "best_iter": 11.0,
        "n_train": 20130,
        "n_test": 4930,
        "model_path": "/workspace/quantgenius_project/models/xgb_reg_y_crossrank_intermediate_20d_cuda_20260117_140702.json",
        "R2": -0.0037051756421495607,
        "RMSE": 0.5755195207206248,
        "MAE": 0.5001136278344458,
        "DirAcc": 0.4957403651115619,
        "IC": 0.022136591609764937,
        "Sharpe": 0.598128759260018,
        "Turnover": 0.08130081300813008,
        "pred_std": 0.04383773840898566,
        "n_eval": 4930.0,
        "acc": NaN,
        "balanced_acc": NaN,
        "macro_f1": NaN,
        "cm": NaN
      },
      "short_1d": {
        "task": "regression",
        "horizon": "short_1d",
        "horizon_days": 1,
        "target": "y_raw",
        "device": "cuda",
        "best_iter": 11.0,
        "n_train": 20130,
        "n_test": 4930,
        "model_path": "/workspace/quantgenius_project/models/xgb_reg_y_raw_short_1d_cuda_20260117_140657.json",
        "R2": 0.00034640777944394685,
        "RMSE": 0.022523639687682784,
        "MAE": 0.014616666109702714,
        "DirAcc": 0.5352941176470588,
        "IC": 0.006315016110196334,
        "Sharpe": 0.7492601961242276,
        "Turnover": 0.05356055995130858,
        "pred_std": 0.000484911730164958,
        "n_eval": 4930.0,
        "acc": NaN,
        "balanced_acc": NaN,
        "macro_f1": NaN,
        "cm": NaN
      },
      "short_3d": {
        "task": "regression",
        "horizon": "short_3d",
        "horizon_days": 3,
        "target": "y_volnorm",
        "device": "cuda",
        "best_iter": 0.0,
        "n_train": 19940,
        "n_test": 4930,
        "model_path": "/workspace/quantgenius_project/models/xgb_reg_y_volnorm_short_3d_cuda_20260117_140658.json",
        "R2": 0.0001990370097011418,
        "RMSE": 2.043288628282693,
        "MAE": 1.4655555822362716,
        "DirAcc": 0.554158215010142,
        "IC": -0.003661971668159048,
        "Sharpe": 0.8307945758016194,
        "Turnover": 0.0,
        "pred_std": 0.009609762405214873,
        "n_eval": 4930.0,
        "acc": NaN,
        "balanced_acc": NaN,
        "macro_f1": NaN,
        "cm": NaN
      },
      "short_5d": {
        "task": "regression",
        "horizon": "short_5d",
        "horizon_days": 5,
        "target": "y_volnorm",
        "device": "cuda",
        "best_iter": 0.0,
        "n_train": 19940,
        "n_test": 4930,
        "model_path": "/workspace/quantgenius_project/models/xgb_reg_y_volnorm_short_5d_cuda_20260117_140659.json",
        "R2": 0.0005039456492401673,
        "RMSE": 2.6117277593168367,
        "MAE": 1.9251715939045688,
        "DirAcc": 0.563894523326572,
        "IC": 0.048762586109466065,
        "Sharpe": 0.849328897040287,
        "Turnover": 0.0,
        "pred_std": 0.015839161134914997,
        "n_eval": 4930.0,
        "acc": NaN,
        "balanced_acc": NaN,
        "macro_f1": NaN,
        "cm": NaN
      }
    },
    "xgb_cls": {
      "intermediate_10d": {
        "task": "classification",
        "horizon": "intermediate_10d",
        "horizon_days": 10,
        "target": "y_cls",
        "device": "cuda",
        "best_iter": NaN,
        "n_train": 22630,
        "n_test": 4930,
        "model_path": "/workspace/quantgenius_project/models/xgb_cls_y_cls_intermediate_10d_cuda_20260117_140748.json",
        "R2": NaN,
        "RMSE": NaN,
        "MAE": NaN,
        "DirAcc": NaN,
        "IC": NaN,
        "Sharpe": NaN,
        "Turnover": NaN,
        "pred_std": NaN,
        "n_eval": NaN,
        "acc": 0.450709939148073,
        "balanced_acc": 0.3291026551038745,
        "macro_f1": 0.32717014272213824,
        "cm": [
          [
            776,
            52,
            1065
          ],
          [
            150,
            15,
            208
          ],
          [
            1146,
            87,
            1431
          ]
        ]
      },
      "intermediate_15d": {
        "task": "classification",
        "horizon": "intermediate_15d",
        "horizon_days": 15,
        "target": "y_cls",
        "device": "cuda",
        "best_iter": NaN,
        "n_train": 22630,
        "n_test": 4930,
        "model_path": "/workspace/quantgenius_project/models/xgb_cls_y_cls_intermediate_15d_cuda_20260117_140759.json",
        "R2": NaN,
        "RMSE": NaN,
        "MAE": NaN,
        "DirAcc": NaN,
        "IC": NaN,
        "Sharpe": NaN,
        "Turnover": NaN,
        "pred_std": NaN,
        "n_eval": NaN,
        "acc": 0.47606490872210955,
        "balanced_acc": 0.34575396444683987,
        "macro_f1": 0.34572720322932354,
        "cm": [
          [
            819,
            40,
            990
          ],
          [
            122,
            15,
            171
          ],
          [
            1203,
            57,
            1513
          ]
        ]
      },
      "intermediate_20d": {
        "task": "classification",
        "horizon": "intermediate_20d",
        "horizon_days": 20,
        "target": "y_cls",
        "device": "cuda",
        "best_iter": NaN,
        "n_train": 22630,
        "n_test": 4930,
        "model_path": "/workspace/quantgenius_project/models/xgb_cls_y_cls_intermediate_20d_cuda_20260117_140810.json",
        "R2": NaN,
        "RMSE": NaN,
        "MAE": NaN,
        "DirAcc": NaN,
        "IC": NaN,
        "Sharpe": NaN,
        "Turnover": NaN,
        "pred_std": NaN,
        "n_eval": NaN,
        "acc": 0.4776876267748479,
        "balanced_acc": 0.32894344268271314,
        "macro_f1": 0.32437003665497793,
        "cm": [
          [
            746,
            50,
            1037
          ],
          [
            117,
            3,
            154
          ],
          [
            1177,
            40,
            1606
          ]
        ]
      },
      "short_1d": {
        "task": "classification",
        "horizon": "short_1d",
        "horizon_days": 1,
        "target": "y_cls",
        "device": "cuda",
        "best_iter": NaN,
        "n_train": 22630,
        "n_test": 4930,